<?xml version="1.0" standalone="yes"?>
<Employees>
  <Employee>
    <ID>1</ID>
    <EmployeeCode>113561</EmployeeCode>
    <EmployeeName>Shemeer</EmployeeName>
    <DepartmentId>1</DepartmentId>
    <DepartmentName>Sales</DepartmentName>
    <EmployeeGroup>Admin</EmployeeGroup>
    <Email>1</Email>
    <isActive>True</isActive>
  </Employee>
  <Employee>
    <ID>2</ID>
    <EmployeeCode>763423</EmployeeCode>
    <EmployeeName>John</EmployeeName>
    <DepartmentId>3</DepartmentId>
    <DepartmentName>IT</DepartmentName>
    <EmployeeGroup>Admin</EmployeeGroup>
    <Email>John@eg.com</Email>
    <isActive>True</isActive>
  </Employee>
</Employees>