﻿<?xml version="1.0" encoding="utf-8"?>
<Employees>
  <Employee>
    <ID>1</ID>
    <EmployeeCode>113561</EmployeeCode>
    <EmployeeName>Shemeer</EmployeeName>
    <DepartmentId>1</DepartmentId>
    <DepartmentName>IT</DepartmentName>
    <EmployeeGroup>Admin</EmployeeGroup>
    <Email>shemeer@xyz.com</Email>
    <isActive>1</isActive>
  </Employee>
  <Employee>
    <ID>2</ID>
    <EmployeeCode>763423</EmployeeCode>
    <EmployeeName>John</EmployeeName>
    <DepartmentId>3</DepartmentId>
    <DepartmentName>IT</DepartmentName>
    <EmployeeGroup>Admin</EmployeeGroup>
    <Email>John@eg.com</Email>
    <isActive>false</isActive>
  </Employee>
</Employees>